date,index_code,index_name,index_name_en,stock_code,stock_name,stock_name_en,exchange,exchange_en,full_code
2025-07-09,000905,中证500,CSI 500,000009,中国宝安,"China Baoan Group Co.,Ltd.",深圳证券交易所,Shenzhen Stock Exchange,sz000009
2025-07-09,000905,中证500,CSI 500,000021,深科技,"Shenzhen Kaifa Technology Co., Ltd.",深圳证券交易所,Shenzhen Stock Exchange,sz000021
2025-07-09,000905,中证500,CSI 500,000027,深圳能源,Shenzhen Energy Group Co Ltd,深圳证券交易所,Shenzhen Stock Exchange,sz000027
2025-07-09,000905,中证500,CSI 500,000032,深桑达A,Shenzhen SED Industry Co Ltd,深圳证券交易所,Shenzhen Stock Exchange,sz000032
2025-07-09,000905,中证500,CSI 500,000034,神州数码,"Digital China Group Co., Ltd.",深圳证券交易所,Shenzhen Stock Exchange,sz000034
2025-07-09,000905,中证500,CSI 500,000039,中集集团,China International Marine Containers (Group) Co Ltd,深圳证券交易所,Shenzhen Stock Exchange,sz000039
2025-07-09,000905,中证500,CSI 500,000050,深天马A,Tianma Microelectronics Co Ltd,深圳证券交易所,Shenzhen Stock Exchange,sz000050
2025-07-09,000905,中证500,CSI 500,000060,中金岭南,Shenzhen Zhongjin Lingnan Nonfemet Co Ltd,深圳证券交易所,Shenzhen Stock Exchange,sz000060
2025-07-09,000905,中证500,CSI 500,000062,深圳华强,Shenzhen Huaqiang Industry Co Ltd,深圳证券交易所,Shenzhen Stock Exchange,sz000062
2025-07-09,000905,中证500,CSI 500,000066,中国长城,"CHINA GREATWALL TECHNOLOGY GROUP CO., LTD.",深圳证券交易所,Shenzhen Stock Exchange,sz000066
2025-07-09,000905,中证500,CSI 500,000155,川能动力,SICHUAN NEW ENERGY POWER COMPANY LIMITED,深圳证券交易所,Shenzhen Stock Exchange,sz000155
2025-07-09,000905,中证500,CSI 500,000400,许继电气,XJ Electric Co Ltd,深圳证券交易所,Shenzhen Stock Exchange,sz000400
2025-07-09,000905,中证500,CSI 500,000403,派林生物,"Pacific Shuanglin Bio-pharmacy Co., LTD",深圳证券交易所,Shenzhen Stock Exchange,sz000403
2025-07-09,000905,中证500,CSI 500,000415,渤海租赁,"Bohai Leasing Co.,Ltd.",深圳证券交易所,Shenzhen Stock Exchange,sz000415
2025-07-09,000905,中证500,CSI 500,000423,东阿阿胶,Shandong Dong-Ee Jiao Co Ltd,深圳证券交易所,Shenzhen Stock Exchange,sz000423
2025-07-09,000905,中证500,CSI 500,000426,兴业银锡,"INNER MONGOLIA XINGYE SILVER & TIN MINING CO.,LTD",深圳证券交易所,Shenzhen Stock Exchange,sz000426
2025-07-09,000905,中证500,CSI 500,000429,粤高速A,Guangdong Provincial Expressway Development Co Ltd,深圳证券交易所,Shenzhen Stock Exchange,sz000429
2025-07-09,000905,中证500,CSI 500,000513,丽珠集团,Livzon Pharmaceutical Group Inc,深圳证券交易所,Shenzhen Stock Exchange,sz000513
2025-07-09,000905,中证500,CSI 500,000519,中兵红箭,"NORTH INDUSTRIES GROUP RED ARROW CO.,LTD",深圳证券交易所,Shenzhen Stock Exchange,sz000519
2025-07-09,000905,中证500,CSI 500,000528,柳工,Guangxi Liugong Machinery Co Ltd,深圳证券交易所,Shenzhen Stock Exchange,sz000528
2025-07-09,000905,中证500,CSI 500,000537,中绿电,"China Green Electricity Investment of Tianjin Co., Ltd.",深圳证券交易所,Shenzhen Stock Exchange,sz000537
2025-07-09,000905,中证500,CSI 500,000539,粤电力A,Guangdong Electric Power Development Co Ltd,深圳证券交易所,Shenzhen Stock Exchange,sz000539
2025-07-09,000905,中证500,CSI 500,000543,皖能电力,An Hui Wenergy Co Ltd,深圳证券交易所,Shenzhen Stock Exchange,sz000543
2025-07-09,000905,中证500,CSI 500,000559,万向钱潮,Wanxiang Qianchao Co Ltd,深圳证券交易所,Shenzhen Stock Exchange,sz000559
2025-07-09,000905,中证500,CSI 500,000563,陕国投A,"Shaanxi International Trust Co.,Ltd",深圳证券交易所,Shenzhen Stock Exchange,sz000563
2025-07-09,000905,中证500,CSI 500,000582,北部湾港,"Beibuwan Port Co.,Ltd.",深圳证券交易所,Shenzhen Stock Exchange,sz000582
2025-07-09,000905,中证500,CSI 500,000591,太阳能,"CECEP Solar Energy Co.,Ltd.",深圳证券交易所,Shenzhen Stock Exchange,sz000591
2025-07-09,000905,中证500,CSI 500,000598,兴蓉环境,"Chengdu Xingrong Environment Co., Ltd.",深圳证券交易所,Shenzhen Stock Exchange,sz000598
2025-07-09,000905,中证500,CSI 500,000623,吉林敖东,"Jilin Aodong Pharmaceutical Group Co., Ltd.",深圳证券交易所,Shenzhen Stock Exchange,sz000623
2025-07-09,000905,中证500,CSI 500,000629,钒钛股份,"Pangang Group Vanadium Titanium & Resources Co., Ltd.",深圳证券交易所,Shenzhen Stock Exchange,sz000629
2025-07-09,000905,中证500,CSI 500,000636,风华高科,Guangdong Fenghua Advanced Technology (Holding) Co Ltd,深圳证券交易所,Shenzhen Stock Exchange,sz000636
2025-07-09,000905,中证500,CSI 500,000683,博源化工,Inner Mongolia Berun Chemical Company Limited,深圳证券交易所,Shenzhen Stock Exchange,sz000683
2025-07-09,000905,中证500,CSI 500,000703,恒逸石化,Hengyi Petrochemical Co Ltd,深圳证券交易所,Shenzhen Stock Exchange,sz000703
2025-07-09,000905,中证500,CSI 500,000709,河钢股份,HESTEEL COMPANY LIMITED,深圳证券交易所,Shenzhen Stock Exchange,sz000709
2025-07-09,000905,中证500,CSI 500,000723,美锦能源,"Shanxi Meijin Energy Co.,Ltd.",深圳证券交易所,Shenzhen Stock Exchange,sz000723
2025-07-09,000905,中证500,CSI 500,000728,国元证券,Guoyuan Securities Company Limited,深圳证券交易所,Shenzhen Stock Exchange,sz000728
2025-07-09,000905,中证500,CSI 500,000729,燕京啤酒,Beijing Yanjing Brewery Co Ltd,深圳证券交易所,Shenzhen Stock Exchange,sz000729
2025-07-09,000905,中证500,CSI 500,000733,振华科技,China Zhenhua (Group) Science & Technology Co Ltd,深圳证券交易所,Shenzhen Stock Exchange,sz000733
2025-07-09,000905,中证500,CSI 500,000738,航发控制,"AECC AERO-ENGINE CONTROL CO.,LTD.",深圳证券交易所,Shenzhen Stock Exchange,sz000738
2025-07-09,000905,中证500,CSI 500,000739,普洛药业,"Apeloa Pharmaceutical Co., Ltd.",深圳证券交易所,Shenzhen Stock Exchange,sz000739
2025-07-09,000905,中证500,CSI 500,000750,国海证券,"Sealand Securities Co., Ltd.",深圳证券交易所,Shenzhen Stock Exchange,sz000750
2025-07-09,000905,中证500,CSI 500,000783,长江证券,Changjiang Securities Company Limited,深圳证券交易所,Shenzhen Stock Exchange,sz000783
2025-07-09,000905,中证500,CSI 500,000785,居然智家,"EASYHOME NEW RETAIL GROUP CO., LTD",深圳证券交易所,Shenzhen Stock Exchange,sz000785
2025-07-09,000905,中证500,CSI 500,000825,太钢不锈,Shanxi Taigang Stainless Steel Co Ltd,深圳证券交易所,Shenzhen Stock Exchange,sz000825
2025-07-09,000905,中证500,CSI 500,000830,鲁西化工,"Luxi Chemical Group Co.,Ltd.",深圳证券交易所,Shenzhen Stock Exchange,sz000830
2025-07-09,000905,中证500,CSI 500,000831,中国稀土,"CHINA RARE EARTH RESOURCES AND TECHNOLOGY CO., LTD.",深圳证券交易所,Shenzhen Stock Exchange,sz000831
2025-07-09,000905,中证500,CSI 500,000878,云南铜业,Yunnan Copper Co Ltd,深圳证券交易所,Shenzhen Stock Exchange,sz000878
2025-07-09,000905,中证500,CSI 500,000883,湖北能源,Hubei Energy Group Co Ltd,深圳证券交易所,Shenzhen Stock Exchange,sz000883
2025-07-09,000905,中证500,CSI 500,000887,中鼎股份,"Anhui Zhongding Sealing Parts Co.,Ltd.",深圳证券交易所,Shenzhen Stock Exchange,sz000887
2025-07-09,000905,中证500,CSI 500,000893,亚钾国际,"Asia-Potash International Investment (Guangzhou) Co., Ltd.",深圳证券交易所,Shenzhen Stock Exchange,sz000893
2025-07-09,000905,中证500,CSI 500,000898,鞍钢股份,Angang Steel Co Ltd,深圳证券交易所,Shenzhen Stock Exchange,sz000898
2025-07-09,000905,中证500,CSI 500,000921,海信家电,"HISENSE HOME APPLIANCES GROUP CO.,LTD.",深圳证券交易所,Shenzhen Stock Exchange,sz000921
2025-07-09,000905,中证500,CSI 500,000932,华菱钢铁,Hunan Valin Steel Co Ltd,深圳证券交易所,Shenzhen Stock Exchange,sz000932
2025-07-09,000905,中证500,CSI 500,000933,神火股份,Henan Shen Huo Coal Industry and Electricity Power Co Ltd,深圳证券交易所,Shenzhen Stock Exchange,sz000933
2025-07-09,000905,中证500,CSI 500,000937,冀中能源,Jizhong Energy Resources Co Ltd,深圳证券交易所,Shenzhen Stock Exchange,sz000937
2025-07-09,000905,中证500,CSI 500,000951,中国重汽,CNHTC Jinan Truck Co Ltd,深圳证券交易所,Shenzhen Stock Exchange,sz000951
2025-07-09,000905,中证500,CSI 500,000958,电投产融,"SPIC Industry-Finance Holdings Co., Ltd",深圳证券交易所,Shenzhen Stock Exchange,sz000958
2025-07-09,000905,中证500,CSI 500,000959,首钢股份,Beijing Shougang Co Ltd,深圳证券交易所,Shenzhen Stock Exchange,sz000959
2025-07-09,000905,中证500,CSI 500,000960,锡业股份,Yunnan Tin Co Ltd,深圳证券交易所,Shenzhen Stock Exchange,sz000960
2025-07-09,000905,中证500,CSI 500,000967,盈峰环境,Infore Environment Technology Group Co. Ltd.,深圳证券交易所,Shenzhen Stock Exchange,sz000967
2025-07-09,000905,中证500,CSI 500,000987,越秀资本,"GUANGZHOU YUEXIU CAPITAL HOLDINGS GROUP CO., LTD.",深圳证券交易所,Shenzhen Stock Exchange,sz000987
2025-07-09,000905,中证500,CSI 500,000988,华工科技,Huagong Tech Co Ltd,深圳证券交易所,Shenzhen Stock Exchange,sz000988
2025-07-09,000905,中证500,CSI 500,000997,新 大 陆,"Newland Digital Technology Co.,Ltd.",深圳证券交易所,Shenzhen Stock Exchange,sz000997
2025-07-09,000905,中证500,CSI 500,001213,中铁特货,"China Railway Special Cargo Logistics Co., Ltd.",深圳证券交易所,Shenzhen Stock Exchange,sz001213
2025-07-09,000905,中证500,CSI 500,001286,陕西能源,"SHAANXI ENERGY INVESTMENT CO., LTD.",深圳证券交易所,Shenzhen Stock Exchange,sz001286
2025-07-09,000905,中证500,CSI 500,001389,广合科技,Delton Technology (Guangzhou) Inc.,深圳证券交易所,Shenzhen Stock Exchange,sz001389
2025-07-09,000905,中证500,CSI 500,001696,宗申动力,Chongqing Zongshen Power Machinery Co Ltd,深圳证券交易所,Shenzhen Stock Exchange,sz001696
2025-07-09,000905,中证500,CSI 500,002007,华兰生物,Hualan Biological Engineering INC,深圳证券交易所,Shenzhen Stock Exchange,sz002007
2025-07-09,000905,中证500,CSI 500,002008,大族激光,"Han's Laser Technology Industry Group Co., Ltd.",深圳证券交易所,Shenzhen Stock Exchange,sz002008
2025-07-09,000905,中证500,CSI 500,002025,航天电器,Guizhou Space Appliance Co Ltd,深圳证券交易所,Shenzhen Stock Exchange,sz002025
2025-07-09,000905,中证500,CSI 500,002044,美年健康,"Meinian Onehealth Healthcare Holdings Co., Ltd.",深圳证券交易所,Shenzhen Stock Exchange,sz002044
2025-07-09,000905,中证500,CSI 500,002056,横店东磁,Hengdian Group DMEGC Magnetics Co Ltd,深圳证券交易所,Shenzhen Stock Exchange,sz002056
2025-07-09,000905,中证500,CSI 500,002064,华峰化学,"Huafon Chemical Co., Ltd.",深圳证券交易所,Shenzhen Stock Exchange,sz002064
2025-07-09,000905,中证500,CSI 500,002065,东华软件,"DHC Software Co.,Ltd.",深圳证券交易所,Shenzhen Stock Exchange,sz002065
2025-07-09,000905,中证500,CSI 500,002078,太阳纸业,Shan Dong Sun Paper Industry Joint Stock Co Ltd,深圳证券交易所,Shenzhen Stock Exchange,sz002078
2025-07-09,000905,中证500,CSI 500,002080,中材科技,Sinoma Science & Technology Co Ltd,深圳证券交易所,Shenzhen Stock Exchange,sz002080
2025-07-09,000905,中证500,CSI 500,002085,万丰奥威,"Zhejiang Wanfeng Auto Wheel Co.,Ltd.",深圳证券交易所,Shenzhen Stock Exchange,sz002085
2025-07-09,000905,中证500,CSI 500,002120,韵达股份,"YUNDA Holding Group CO., Ltd.",深圳证券交易所,Shenzhen Stock Exchange,sz002120
2025-07-09,000905,中证500,CSI 500,002130,沃尔核材,Shenzhen Woer Heat-Shrinkable Material Co Ltd,深圳证券交易所,Shenzhen Stock Exchange,sz002130
2025-07-09,000905,中证500,CSI 500,002138,顺络电子,Shenzhen Sunlord Electronics Co Ltd,深圳证券交易所,Shenzhen Stock Exchange,sz002138
2025-07-09,000905,中证500,CSI 500,002152,广电运通,GRG Banking Equipment Co Ltd,深圳证券交易所,Shenzhen Stock Exchange,sz002152
2025-07-09,000905,中证500,CSI 500,002153,石基信息,Beijing Shiji Information Technology Co Ltd,深圳证券交易所,Shenzhen Stock Exchange,sz002153
2025-07-09,000905,中证500,CSI 500,002155,湖南黄金,Hunan Gold Corporation Limited,深圳证券交易所,Shenzhen Stock Exchange,sz002155
2025-07-09,000905,中证500,CSI 500,002156,通富微电,"TongFu Microelectronics Co.,Ltd.",深圳证券交易所,Shenzhen Stock Exchange,sz002156
2025-07-09,000905,中证500,CSI 500,002185,华天科技,Tianshui Huatian Technology Co Ltd,深圳证券交易所,Shenzhen Stock Exchange,sz002185
2025-07-09,000905,中证500,CSI 500,002195,岩山科技,"Shanghai Stonehill Technology Co., Ltd.",深圳证券交易所,Shenzhen Stock Exchange,sz002195
2025-07-09,000905,中证500,CSI 500,002202,金风科技,"GOLDWIND SCIENCE & TECHNOLOGY CO.,LTD.",深圳证券交易所,Shenzhen Stock Exchange,sz002202
2025-07-09,000905,中证500,CSI 500,002203,海亮股份,Zhejiang Hailiang Co Ltd,深圳证券交易所,Shenzhen Stock Exchange,sz002203
2025-07-09,000905,中证500,CSI 500,002223,鱼跃医疗,Jiangsu Yuyue Medical Equipment & Supply Co Ltd,深圳证券交易所,Shenzhen Stock Exchange,sz002223
2025-07-09,000905,中证500,CSI 500,002244,滨江集团,Hangzhou Binjiang Real Estate Group Co Ltd,深圳证券交易所,Shenzhen Stock Exchange,sz002244
2025-07-09,000905,中证500,CSI 500,002261,拓维信息,"Talkweb Information System Co.,Ltd.",深圳证券交易所,Shenzhen Stock Exchange,sz002261
2025-07-09,000905,中证500,CSI 500,002262,恩华药业,Jiangsu Nhwa Pharmaceutical Co Ltd,深圳证券交易所,Shenzhen Stock Exchange,sz002262
2025-07-09,000905,中证500,CSI 500,002266,浙富控股,"ZHEFU HOLDING GROUP CO., LTD",深圳证券交易所,Shenzhen Stock Exchange,sz002266
2025-07-09,000905,中证500,CSI 500,002273,水晶光电,"Zhejiang Crystal-Optech Co., Ltd",深圳证券交易所,Shenzhen Stock Exchange,sz002273
2025-07-09,000905,中证500,CSI 500,002281,光迅科技,Accelink Technologies Co Ltd,深圳证券交易所,Shenzhen Stock Exchange,sz002281
2025-07-09,000905,中证500,CSI 500,002294,信立泰,Shenzhen Salubris Pharmaceuticals Co Ltd,深圳证券交易所,Shenzhen Stock Exchange,sz002294
2025-07-09,000905,中证500,CSI 500,002299,圣农发展,Fujian Sunner Development Co Ltd,深圳证券交易所,Shenzhen Stock Exchange,sz002299
2025-07-09,000905,中证500,CSI 500,002312,川发龙蟒,"Sichuan Development Lomon Co.,Ltd.",深圳证券交易所,Shenzhen Stock Exchange,sz002312
2025-07-09,000905,中证500,CSI 500,002318,久立特材,Zhejiang Jiuli Hi-tech Metals Co Ltd,深圳证券交易所,Shenzhen Stock Exchange,sz002318
2025-07-09,000905,中证500,CSI 500,002340,格林美,Shenzhen Green Eco-manufacture Hi-tech Co Ltd,深圳证券交易所,Shenzhen Stock Exchange,sz002340
2025-07-09,000905,中证500,CSI 500,002353,杰瑞股份,Yantai Jereh Oilfield Services Group Co Ltd,深圳证券交易所,Shenzhen Stock Exchange,sz002353
2025-07-09,000905,中证500,CSI 500,002372,伟星新材,Zhejiang Weixing New Building Materials Co Ltd,深圳证券交易所,Shenzhen Stock Exchange,sz002372
2025-07-09,000905,中证500,CSI 500,002385,大北农,Beijing Dabeinong Technology Group Co Ltd,深圳证券交易所,Shenzhen Stock Exchange,sz002385
2025-07-09,000905,中证500,CSI 500,002409,雅克科技,Jiangsu Yoke Technology Co Ltd,深圳证券交易所,Shenzhen Stock Exchange,sz002409
2025-07-09,000905,中证500,CSI 500,002410,广联达,Glodon Software Co Ltd,深圳证券交易所,Shenzhen Stock Exchange,sz002410
2025-07-09,000905,中证500,CSI 500,002414,高德红外,Wuhan Guide Infrared Co Ltd,深圳证券交易所,Shenzhen Stock Exchange,sz002414
2025-07-09,000905,中证500,CSI 500,002423,中粮资本,"COFCO CAPITAL HOLDINGS CO.,LTD.",深圳证券交易所,Shenzhen Stock Exchange,sz002423
2025-07-09,000905,中证500,CSI 500,002429,兆驰股份,Shenzhen MTC Co Ltd,深圳证券交易所,Shenzhen Stock Exchange,sz002429
2025-07-09,000905,中证500,CSI 500,002430,杭氧股份,"HANGZHOU OXYGEN PLANT GROUP CO., LTD.",深圳证券交易所,Shenzhen Stock Exchange,sz002430
2025-07-09,000905,中证500,CSI 500,002432,九安医疗,Andon Health Co Ltd,深圳证券交易所,Shenzhen Stock Exchange,sz002432
2025-07-09,000905,中证500,CSI 500,002436,兴森科技,Shenzhen Fastprint Circuit Tech Co Ltd,深圳证券交易所,Shenzhen Stock Exchange,sz002436
2025-07-09,000905,中证500,CSI 500,002439,启明星辰,Beijing Venustech Inc.,深圳证券交易所,Shenzhen Stock Exchange,sz002439
2025-07-09,000905,中证500,CSI 500,002444,巨星科技,Hangzhou Great Star Industrial Co Ltd,深圳证券交易所,Shenzhen Stock Exchange,sz002444
2025-07-09,000905,中证500,CSI 500,002461,珠江啤酒,Guangzhou Zhujiang Brewery Co Ltd,深圳证券交易所,Shenzhen Stock Exchange,sz002461
2025-07-09,000905,中证500,CSI 500,002465,海格通信,Guangzhou Haige Communications Group Incorporated Company,深圳证券交易所,Shenzhen Stock Exchange,sz002465
2025-07-09,000905,中证500,CSI 500,002472,双环传动,Zhejiang Shuanghuan Driveline Co Ltd,深圳证券交易所,Shenzhen Stock Exchange,sz002472
2025-07-09,000905,中证500,CSI 500,002500,山西证券,Shanxi Securities Co Ltd,深圳证券交易所,Shenzhen Stock Exchange,sz002500
2025-07-09,000905,中证500,CSI 500,002507,涪陵榨菜,Chongqing Fuling Zhacai Group Co Ltd,深圳证券交易所,Shenzhen Stock Exchange,sz002507
2025-07-09,000905,中证500,CSI 500,002508,老板电器,Hangzhou Robam Appliances Co Ltd,深圳证券交易所,Shenzhen Stock Exchange,sz002508
2025-07-09,000905,中证500,CSI 500,002517,恺英网络,Taiya Shoes Co Ltd,深圳证券交易所,Shenzhen Stock Exchange,sz002517
2025-07-09,000905,中证500,CSI 500,002532,天山铝业,"TIANSHAN ALUMINUM GROUP CO.,LTD.",深圳证券交易所,Shenzhen Stock Exchange,sz002532
2025-07-09,000905,中证500,CSI 500,002558,巨人网络,"Giant Network Group Co., Ltd.",深圳证券交易所,Shenzhen Stock Exchange,sz002558
2025-07-09,000905,中证500,CSI 500,002563,森马服饰,Zhejiang Semir Garment Co Ltd,深圳证券交易所,Shenzhen Stock Exchange,sz002563
2025-07-09,000905,中证500,CSI 500,002568,百润股份,"SHANGHAI BAIRUN INVESTMENT HOLDING GROUP CO.,LTD.",深圳证券交易所,Shenzhen Stock Exchange,sz002568
2025-07-09,000905,中证500,CSI 500,002572,索菲亚,Suofeiya Home Collection Co Ltd,深圳证券交易所,Shenzhen Stock Exchange,sz002572
2025-07-09,000905,中证500,CSI 500,002595,豪迈科技,Shandong Himile Mechanical Science & Technology Co Ltd,深圳证券交易所,Shenzhen Stock Exchange,sz002595
2025-07-09,000905,中证500,CSI 500,002603,以岭药业,Shijiazhuang Yiling Pharmaceutical Co Ltd,深圳证券交易所,Shenzhen Stock Exchange,sz002603
2025-07-09,000905,中证500,CSI 500,002607,中公教育,"Offcn Education Technology Co., Ltd.",深圳证券交易所,Shenzhen Stock Exchange,sz002607
2025-07-09,000905,中证500,CSI 500,002608,江苏国信,Sainty Marine Corporation Ltd,深圳证券交易所,Shenzhen Stock Exchange,sz002608
2025-07-09,000905,中证500,CSI 500,002624,完美世界,"Perfect World Co., Ltd.",深圳证券交易所,Shenzhen Stock Exchange,sz002624
2025-07-09,000905,中证500,CSI 500,002653,海思科,"Haisco Pharmaceutical Group Co., Ltd",深圳证券交易所,Shenzhen Stock Exchange,sz002653
2025-07-09,000905,中证500,CSI 500,002670,国盛金控,Guosheng Financial Holding Inc.,深圳证券交易所,Shenzhen Stock Exchange,sz002670
2025-07-09,000905,中证500,CSI 500,002673,西部证券,"WESTERN SECURITIES CO., LTD",深圳证券交易所,Shenzhen Stock Exchange,sz002673
2025-07-09,000905,中证500,CSI 500,002683,广东宏大,"Guangdong Hongda Holdings Group Co., Ltd.",深圳证券交易所,Shenzhen Stock Exchange,sz002683
2025-07-09,000905,中证500,CSI 500,002738,中矿资源,"Sinomine Resource Group Co., Ltd.",深圳证券交易所,Shenzhen Stock Exchange,sz002738
2025-07-09,000905,中证500,CSI 500,002739,万达电影,"WANDA FILM HOLDING CO., LTD",深圳证券交易所,Shenzhen Stock Exchange,sz002739
2025-07-09,000905,中证500,CSI 500,002756,永兴材料,"Yongxing Special Materials Technology Co.,Ltd.",深圳证券交易所,Shenzhen Stock Exchange,sz002756
2025-07-09,000905,中证500,CSI 500,002773,康弘药业,"Chengdu Kanghong Pharmaceutical Group Co., Ltd",深圳证券交易所,Shenzhen Stock Exchange,sz002773
2025-07-09,000905,中证500,CSI 500,002797,第一创业,"First Capital Securities Co., Ltd.",深圳证券交易所,Shenzhen Stock Exchange,sz002797
2025-07-09,000905,中证500,CSI 500,002821,凯莱英,"Asymchem Laboratories (Tianjin) Co., Ltd.",深圳证券交易所,Shenzhen Stock Exchange,sz002821
2025-07-09,000905,中证500,CSI 500,002831,裕同科技,"ShenZhen YUTO Packaging Technology Co., Ltd.",深圳证券交易所,Shenzhen Stock Exchange,sz002831
2025-07-09,000905,中证500,CSI 500,002837,英维克,"SHENZHEN ENVICOOL TECHNOLOGY CO.,LTD.",深圳证券交易所,Shenzhen Stock Exchange,sz002837
2025-07-09,000905,中证500,CSI 500,002841,视源股份,Guangzhou Shiyuan Electronic Technology Company Limited,深圳证券交易所,Shenzhen Stock Exchange,sz002841
2025-07-09,000905,中证500,CSI 500,002850,科达利,"Shenzhen Kedali Industry Co., Ltd.",深圳证券交易所,Shenzhen Stock Exchange,sz002850
2025-07-09,000905,中证500,CSI 500,002851,麦格米特,"Shenzhen Megmeet Electrical Co., Ltd.",深圳证券交易所,Shenzhen Stock Exchange,sz002851
2025-07-09,000905,中证500,CSI 500,002926,华西证券,"Huaxi Securities Co., Ltd.",深圳证券交易所,Shenzhen Stock Exchange,sz002926
2025-07-09,000905,中证500,CSI 500,002939,长城证券,"CHINA GREAT WALL SECURITIES CO., LTD.",深圳证券交易所,Shenzhen Stock Exchange,sz002939
2025-07-09,000905,中证500,CSI 500,002945,华林证券,"ChinaLin Securities Co., Ltd.",深圳证券交易所,Shenzhen Stock Exchange,sz002945
2025-07-09,000905,中证500,CSI 500,002958,青农商行,Qingdao Rural Commercial Bank Corporation,深圳证券交易所,Shenzhen Stock Exchange,sz002958
2025-07-09,000905,中证500,CSI 500,002966,苏州银行,"BANK OF SUZHOU CO., LTD.",深圳证券交易所,Shenzhen Stock Exchange,sz002966
2025-07-09,000905,中证500,CSI 500,002984,森麒麟,"QINGDAO SENTURY TIRE CO., LTD.",深圳证券交易所,Shenzhen Stock Exchange,sz002984
2025-07-09,000905,中证500,CSI 500,003022,联泓新科,Levima Advanced Materials Corporation,深圳证券交易所,Shenzhen Stock Exchange,sz003022
2025-07-09,000905,中证500,CSI 500,003031,中瓷电子,"HEBEI SINOPACK ELECTRONIC TECHNOLOGY CO.,LTD.",深圳证券交易所,Shenzhen Stock Exchange,sz003031
2025-07-09,000905,中证500,CSI 500,003035,南网能源,"China Southern Power Grid Energy Efficiency&Clean Energy Co.,Ltd.",深圳证券交易所,Shenzhen Stock Exchange,sz003035
2025-07-09,000905,中证500,CSI 500,300001,特锐德,Qingdao TGOOD Electric Co Ltd,深圳证券交易所,Shenzhen Stock Exchange,sz300001
2025-07-09,000905,中证500,CSI 500,300002,神州泰岳,Beijing Ultrapower Software Co Ltd,深圳证券交易所,Shenzhen Stock Exchange,sz300002
2025-07-09,000905,中证500,CSI 500,300003,乐普医疗,Lepu Medical Technology (Beijing) Co Ltd,深圳证券交易所,Shenzhen Stock Exchange,sz300003
2025-07-09,000905,中证500,CSI 500,300012,华测检测,"CENTRE TESTING INTERNATIONAL GROUP CO., LTD.",深圳证券交易所,Shenzhen Stock Exchange,sz300012
2025-07-09,000905,中证500,CSI 500,300017,网宿科技,"Wangsu Science and Technology Co.,Ltd.",深圳证券交易所,Shenzhen Stock Exchange,sz300017
2025-07-09,000905,中证500,CSI 500,300024,机器人,Siasun Robot & Automation Co Ltd,深圳证券交易所,Shenzhen Stock Exchange,sz300024
2025-07-09,000905,中证500,CSI 500,300037,新宙邦,Shenzhen Capchem Technology Co Ltd,深圳证券交易所,Shenzhen Stock Exchange,sz300037
2025-07-09,000905,中证500,CSI 500,300054,鼎龙股份,"Hubei Dinglong CO.,Ltd.",深圳证券交易所,Shenzhen Stock Exchange,sz300054
2025-07-09,000905,中证500,CSI 500,300058,蓝色光标,"Bluefocus Data Technology Co., Ltd.",深圳证券交易所,Shenzhen Stock Exchange,sz300058
2025-07-09,000905,中证500,CSI 500,300070,碧水源,Beijing Originwater Technology Co Ltd,深圳证券交易所,Shenzhen Stock Exchange,sz300070
2025-07-09,000905,中证500,CSI 500,300073,当升科技,Beijing Easpring Material Technology Co Ltd,深圳证券交易所,Shenzhen Stock Exchange,sz300073
2025-07-09,000905,中证500,CSI 500,300115,长盈精密,Shenzhen Evenwin Precision Technology Co Ltd,深圳证券交易所,Shenzhen Stock Exchange,sz300115
2025-07-09,000905,中证500,CSI 500,300136,信维通信,Shenzhen Sunway Communication Co Ltd,深圳证券交易所,Shenzhen Stock Exchange,sz300136
2025-07-09,000905,中证500,CSI 500,300140,节能环境,"CECEP ENVIRONMENTAL PROTECTION CO.,LTD.",深圳证券交易所,Shenzhen Stock Exchange,sz300140
2025-07-09,000905,中证500,CSI 500,300142,沃森生物,Walvax Biotechnology Co Ltd,深圳证券交易所,Shenzhen Stock Exchange,sz300142
2025-07-09,000905,中证500,CSI 500,300144,宋城演艺,"SONGCHENG PERFORMANCE DEVELOPMENT CO., LTD.",深圳证券交易所,Shenzhen Stock Exchange,sz300144
2025-07-09,000905,中证500,CSI 500,300146,汤臣倍健,"BY-HEALTH CO., LTD",深圳证券交易所,Shenzhen Stock Exchange,sz300146
2025-07-09,000905,中证500,CSI 500,300207,欣旺达,Sunwoda Electronic Co Ltd,深圳证券交易所,Shenzhen Stock Exchange,sz300207
2025-07-09,000905,中证500,CSI 500,300212,易华录,"BEIJING E-HUALU INFORMATION TECHNOLOGY CO., LTD",深圳证券交易所,Shenzhen Stock Exchange,sz300212
2025-07-09,000905,中证500,CSI 500,300223,北京君正,Ingenic Semiconductor Co Ltd,深圳证券交易所,Shenzhen Stock Exchange,sz300223
2025-07-09,000905,中证500,CSI 500,300251,光线传媒,Beijing Enlight Media Co Ltd,深圳证券交易所,Shenzhen Stock Exchange,sz300251
2025-07-09,000905,中证500,CSI 500,300285,国瓷材料,"Shandong Sinocera Functional Material Co., Ltd",深圳证券交易所,Shenzhen Stock Exchange,sz300285
2025-07-09,000905,中证500,CSI 500,300339,润和软件,"Jiangsu Hoperun Software Co., Ltd.",深圳证券交易所,Shenzhen Stock Exchange,sz300339
2025-07-09,000905,中证500,CSI 500,300346,南大光电,"Jiangsu Nata Opto-electronic Material Co.,Ltd",深圳证券交易所,Shenzhen Stock Exchange,sz300346
2025-07-09,000905,中证500,CSI 500,300373,扬杰科技,"Yangzhou Yangjie Electronic Technology Co.,Ltd",深圳证券交易所,Shenzhen Stock Exchange,sz300373
2025-07-09,000905,中证500,CSI 500,300383,光环新网,"Beijing Sinnet Technology Co., Ltd.",深圳证券交易所,Shenzhen Stock Exchange,sz300383
2025-07-09,000905,中证500,CSI 500,300390,天华新能,"Canmax Technologies Co., Ltd.",深圳证券交易所,Shenzhen Stock Exchange,sz300390
2025-07-09,000905,中证500,CSI 500,300395,菲利华,HUBEI FEILIHUA QUARTZ GLASS CO.LTD,深圳证券交易所,Shenzhen Stock Exchange,sz300395
2025-07-09,000905,中证500,CSI 500,300450,先导智能,"WUXI LEAD INTELLIGENT EQUIPMENT CO., LTD.",深圳证券交易所,Shenzhen Stock Exchange,sz300450
2025-07-09,000905,中证500,CSI 500,300454,深信服,Sangfor Technologies Inc.,深圳证券交易所,Shenzhen Stock Exchange,sz300454
2025-07-09,000905,中证500,CSI 500,300458,全志科技,"All Winner Technology Co., Ltd.",深圳证券交易所,Shenzhen Stock Exchange,sz300458
2025-07-09,000905,中证500,CSI 500,300474,景嘉微,"Changsha Jingjia Microelectronics Co., Ltd.",深圳证券交易所,Shenzhen Stock Exchange,sz300474
2025-07-09,000905,中证500,CSI 500,300476,胜宏科技,"Victory Giant Technology (HuiZhou)Co.,Ltd.",深圳证券交易所,Shenzhen Stock Exchange,sz300476
2025-07-09,000905,中证500,CSI 500,300487,蓝晓科技,"SUNRESIN NEW MATERIALS CO.,LTD, XI' AN",深圳证券交易所,Shenzhen Stock Exchange,sz300487
2025-07-09,000905,中证500,CSI 500,300496,中科创达,"Thunder Software Technology Co., Ltd.",深圳证券交易所,Shenzhen Stock Exchange,sz300496
2025-07-09,000905,中证500,CSI 500,300529,健帆生物,"Jafron Biomedical Co.,Ltd.",深圳证券交易所,Shenzhen Stock Exchange,sz300529
2025-07-09,000905,中证500,CSI 500,300558,贝达药业,"Betta Pharmaceuticals Co.,Ltd",深圳证券交易所,Shenzhen Stock Exchange,sz300558
2025-07-09,000905,中证500,CSI 500,300567,精测电子,"Wuhan Jingce Electronic Technology Co., Ltd.",深圳证券交易所,Shenzhen Stock Exchange,sz300567
2025-07-09,000905,中证500,CSI 500,300573,兴齐眼药,"SHENYANG XINGQI PHARMACEUTICAL CO., LTD.",深圳证券交易所,Shenzhen Stock Exchange,sz300573
2025-07-09,000905,中证500,CSI 500,300595,欧普康视,AUTEK CHINA INC.,深圳证券交易所,Shenzhen Stock Exchange,sz300595
2025-07-09,000905,中证500,CSI 500,300601,康泰生物,"Shenzhen Kangtai Biological Products Co., Ltd.",深圳证券交易所,Shenzhen Stock Exchange,sz300601
2025-07-09,000905,中证500,CSI 500,300604,长川科技,"Hangzhou Chang Chuan Technology Co.,Ltd.",深圳证券交易所,Shenzhen Stock Exchange,sz300604
2025-07-09,000905,中证500,CSI 500,300623,捷捷微电,"Jiangsu Jiejie Microelectronics Co., Ltd",深圳证券交易所,Shenzhen Stock Exchange,sz300623
2025-07-09,000905,中证500,CSI 500,300627,华测导航,SHANGHAI HUACE NAVIGATION TECHNOLOGY LTD,深圳证券交易所,Shenzhen Stock Exchange,sz300627
2025-07-09,000905,中证500,CSI 500,300676,华大基因,"BGI Genomics Co., Ltd",深圳证券交易所,Shenzhen Stock Exchange,sz300676
2025-07-09,000905,中证500,CSI 500,300677,英科医疗,"Intco Medical Technology Co.,Ltd.",深圳证券交易所,Shenzhen Stock Exchange,sz300677
2025-07-09,000905,中证500,CSI 500,300679,电连技术,"Electric Connector Technology Co., Ltd.",深圳证券交易所,Shenzhen Stock Exchange,sz300679
2025-07-09,000905,中证500,CSI 500,300699,光威复材,"Weihai Guangwei Composites Co.,Ltd.",深圳证券交易所,Shenzhen Stock Exchange,sz300699
2025-07-09,000905,中证500,CSI 500,300724,捷佳伟创,Shenzhen S.C New Energy Technology Corporation,深圳证券交易所,Shenzhen Stock Exchange,sz300724
2025-07-09,000905,中证500,CSI 500,300735,光弘科技,"DBG Technology Co., Ltd.",深圳证券交易所,Shenzhen Stock Exchange,sz300735
2025-07-09,000905,中证500,CSI 500,300748,金力永磁,"JL MAG RARE-EARTH CO., LTD.",深圳证券交易所,Shenzhen Stock Exchange,sz300748
2025-07-09,000905,中证500,CSI 500,300751,迈为股份,"Suzhou Maxwell Technologies Co., Ltd.",深圳证券交易所,Shenzhen Stock Exchange,sz300751
2025-07-09,000905,中证500,CSI 500,300757,罗博特科,"RoboTechnik Intelligent Technology Co., LTD",深圳证券交易所,Shenzhen Stock Exchange,sz300757
2025-07-09,000905,中证500,CSI 500,300763,锦浪科技,"Ginlong Technologies Co., Ltd.",深圳证券交易所,Shenzhen Stock Exchange,sz300763
2025-07-09,000905,中证500,CSI 500,300765,新诺威,"CSPC Innovation Pharmaceutical Co.,Ltd.",深圳证券交易所,Shenzhen Stock Exchange,sz300765
2025-07-09,000905,中证500,CSI 500,300803,指南针,"Beijing Compass Technology Development Co., Ltd.",深圳证券交易所,Shenzhen Stock Exchange,sz300803
2025-07-09,000905,中证500,CSI 500,300857,协创数据,"SHARETRONIC DATA TECHNOLOGY CO.,LTD.",深圳证券交易所,Shenzhen Stock Exchange,sz300857
2025-07-09,000905,中证500,CSI 500,300888,稳健医疗,"Winner Medical Co., Ltd.",深圳证券交易所,Shenzhen Stock Exchange,sz300888
2025-07-09,000905,中证500,CSI 500,300919,中伟股份,"CNGR Advanced Material Co.,Ltd.",深圳证券交易所,Shenzhen Stock Exchange,sz300919
2025-07-09,000905,中证500,CSI 500,300957,贝泰妮,"Yunnan Botanee Bio-Technology Group Co., Ltd.",深圳证券交易所,Shenzhen Stock Exchange,sz300957
2025-07-09,000905,中证500,CSI 500,301165,锐捷网络,"Ruijie Networks Co., Ltd.",深圳证券交易所,Shenzhen Stock Exchange,sz301165
2025-07-09,000905,中证500,CSI 500,301267,华厦眼科,"Huaxia Eye Hospital Group Co.,Ltd.",深圳证券交易所,Shenzhen Stock Exchange,sz301267
2025-07-09,000905,中证500,CSI 500,301301,川宁生物,"Yili Chuanning Biotechnology Co., Ltd.",深圳证券交易所,Shenzhen Stock Exchange,sz301301
2025-07-09,000905,中证500,CSI 500,301308,江波龙,"Shenzhen Longsys Electronics Co., Ltd.",深圳证券交易所,Shenzhen Stock Exchange,sz301308
2025-07-09,000905,中证500,CSI 500,301358,湖南裕能,"Hunan Yuneng New Energy Battery Material Co.,Ltd.",深圳证券交易所,Shenzhen Stock Exchange,sz301358
2025-07-09,000905,中证500,CSI 500,301498,乖宝宠物,"Gambol Pet Group Co., Ltd.",深圳证券交易所,Shenzhen Stock Exchange,sz301498
2025-07-09,000905,中证500,CSI 500,301536,星宸科技,SigmaStar Technology Ltd.,深圳证券交易所,Shenzhen Stock Exchange,sz301536
2025-07-09,000905,中证500,CSI 500,600004,白云机场,Guangzhou Baiyun International Airport Co Ltd,上海证券交易所,Shanghai Stock Exchange,sh600004
2025-07-09,000905,中证500,CSI 500,600007,中国国贸,China World Trade Center Co Ltd,上海证券交易所,Shanghai Stock Exchange,sh600007
2025-07-09,000905,中证500,CSI 500,600008,首创环保,"Beijing Capital Eco-Environment Protection GroupCo.,Ltd.",上海证券交易所,Shanghai Stock Exchange,sh600008
2025-07-09,000905,中证500,CSI 500,600021,上海电力,Shanghai Electric Power Co Ltd,上海证券交易所,Shanghai Stock Exchange,sh600021
2025-07-09,000905,中证500,CSI 500,600032,浙江新能,"Zhejiang Provincial New Energy Investment Group Co., Ltd.",上海证券交易所,Shanghai Stock Exchange,sh600032
2025-07-09,000905,中证500,CSI 500,600038,中直股份,"AVIC Helicopter Co.,Ltd.",上海证券交易所,Shanghai Stock Exchange,sh600038
2025-07-09,000905,中证500,CSI 500,600056,中国医药,"China Meheco Co.,Ltd.",上海证券交易所,Shanghai Stock Exchange,sh600056
2025-07-09,000905,中证500,CSI 500,600060,海信视像,"Hisense Visual Technology Co., Ltd.",上海证券交易所,Shanghai Stock Exchange,sh600060
2025-07-09,000905,中证500,CSI 500,600062,华润双鹤,"CHINA RESOURCES DOUBLE-CRANE PHARMACEUTICAL CO.,LTD.",上海证券交易所,Shanghai Stock Exchange,sh600062
2025-07-09,000905,中证500,CSI 500,600079,人福医药,"Humanwell Healthcare (Group) Co., Ltd.",上海证券交易所,Shanghai Stock Exchange,sh600079
2025-07-09,000905,中证500,CSI 500,600095,湘财股份,"XIANGCAI CO.,LTD",上海证券交易所,Shanghai Stock Exchange,sh600095
2025-07-09,000905,中证500,CSI 500,600096,云天化,Yunnan Yuntianhua Co Ltd,上海证券交易所,Shanghai Stock Exchange,sh600096
2025-07-09,000905,中证500,CSI 500,600098,广州发展,Guangzhou Development Group Incorporated,上海证券交易所,Shanghai Stock Exchange,sh600098
2025-07-09,000905,中证500,CSI 500,600109,国金证券,Sinolink Securities Co. Ltd.,上海证券交易所,Shanghai Stock Exchange,sh600109
2025-07-09,000905,中证500,CSI 500,600118,中国卫星,China Spacesat Co Ltd,上海证券交易所,Shanghai Stock Exchange,sh600118
2025-07-09,000905,中证500,CSI 500,600126,杭钢股份,Hang Zhou Iron & Steel Co Ltd,上海证券交易所,Shanghai Stock Exchange,sh600126
2025-07-09,000905,中证500,CSI 500,600131,国网信通,"State Grid Information&Communication Co.,Ltd.",上海证券交易所,Shanghai Stock Exchange,sh600131
2025-07-09,000905,中证500,CSI 500,600132,重庆啤酒,Chongqing Brewery Co Ltd,上海证券交易所,Shanghai Stock Exchange,sh600132
2025-07-09,000905,中证500,CSI 500,600141,兴发集团,Hubei Xingfa Chemicals Group Co Ltd,上海证券交易所,Shanghai Stock Exchange,sh600141
2025-07-09,000905,中证500,CSI 500,600143,金发科技,Kingfa Sci&Tech Co Ltd,上海证券交易所,Shanghai Stock Exchange,sh600143
2025-07-09,000905,中证500,CSI 500,600153,建发股份,Xiamen C&D Inc,上海证券交易所,Shanghai Stock Exchange,sh600153
2025-07-09,000905,中证500,CSI 500,600155,华创云信,"Polaris Bay Group Co.,Ltd.",上海证券交易所,Shanghai Stock Exchange,sh600155
2025-07-09,000905,中证500,CSI 500,600157,永泰能源,"WINTIME ENERGY GROUP CO.,LTD.",上海证券交易所,Shanghai Stock Exchange,sh600157
2025-07-09,000905,中证500,CSI 500,600166,福田汽车,Beiqi Foton Motor Co Ltd,上海证券交易所,Shanghai Stock Exchange,sh600166
2025-07-09,000905,中证500,CSI 500,600170,上海建工,Shanghai Construction Co Ltd,上海证券交易所,Shanghai Stock Exchange,sh600170
2025-07-09,000905,中证500,CSI 500,600171,上海贝岭,Shanghai Belling Corp Ltd,上海证券交易所,Shanghai Stock Exchange,sh600171
2025-07-09,000905,中证500,CSI 500,600177,雅戈尔,Youngor Group Co Ltd,上海证券交易所,Shanghai Stock Exchange,sh600177
2025-07-09,000905,中证500,CSI 500,600208,衢州发展,"Quzhou Xin'an Development Co.,Ltd.",上海证券交易所,Shanghai Stock Exchange,sh600208
2025-07-09,000905,中证500,CSI 500,600258,首旅酒店,"BTG Hotels (Group) Co., Ltd.",上海证券交易所,Shanghai Stock Exchange,sh600258
2025-07-09,000905,中证500,CSI 500,600271,航天信息,"Aisino Co.,Ltd",上海证券交易所,Shanghai Stock Exchange,sh600271
2025-07-09,000905,中证500,CSI 500,600282,南钢股份,Nanjing Iron & Steel Co Ltd,上海证券交易所,Shanghai Stock Exchange,sh600282
2025-07-09,000905,中证500,CSI 500,600295,鄂尔多斯,"Inner Mongolia Eerduosi Resources Co.,Ltd.",上海证券交易所,Shanghai Stock Exchange,sh600295
2025-07-09,000905,中证500,CSI 500,600298,安琪酵母,Angel Yeast Co Ltd,上海证券交易所,Shanghai Stock Exchange,sh600298
2025-07-09,000905,中证500,CSI 500,600299,安迪苏,Bluestar Adisseo Company,上海证券交易所,Shanghai Stock Exchange,sh600299
2025-07-09,000905,中证500,CSI 500,600312,平高电气,Henan Pinggao Electric Co Ltd,上海证券交易所,Shanghai Stock Exchange,sh600312
2025-07-09,000905,中证500,CSI 500,600316,洪都航空,Jiangxi Hongdu Aviation Industry Co Ltd,上海证券交易所,Shanghai Stock Exchange,sh600316
2025-07-09,000905,中证500,CSI 500,600325,华发股份,Huafa Industrial Co Ltd Zhuhai,上海证券交易所,Shanghai Stock Exchange,sh600325
2025-07-09,000905,中证500,CSI 500,600329,达仁堂,Tianjin Pharmaceutical Da Ren Tang Group Corporation Limited,上海证券交易所,Shanghai Stock Exchange,sh600329
2025-07-09,000905,中证500,CSI 500,600339,中油工程,China Petroleum Engineering Corporation,上海证券交易所,Shanghai Stock Exchange,sh600339
2025-07-09,000905,中证500,CSI 500,600348,华阳股份,"Shan Xi Hua Yang Group New Energy Co.,Ltd.",上海证券交易所,Shanghai Stock Exchange,sh600348
2025-07-09,000905,中证500,CSI 500,600352,浙江龙盛,Zhejiang Longsheng Group Co Ltd,上海证券交易所,Shanghai Stock Exchange,sh600352
2025-07-09,000905,中证500,CSI 500,600361,创新新材,"Innovation New Material Technology Co.,Ltd.",上海证券交易所,Shanghai Stock Exchange,sh600361
2025-07-09,000905,中证500,CSI 500,600363,联创光电,Jiangxi Lianchuang Optoelectronic Science and Technology Co Ltd,上海证券交易所,Shanghai Stock Exchange,sh600363
2025-07-09,000905,中证500,CSI 500,600369,西南证券,Southwest Securities Co Ltd,上海证券交易所,Shanghai Stock Exchange,sh600369
2025-07-09,000905,中证500,CSI 500,600373,中文传媒,Chinese Universe Publishing And Media Co Ltd,上海证券交易所,Shanghai Stock Exchange,sh600373
2025-07-09,000905,中证500,CSI 500,600378,昊华科技,"Haohua Chemical Science & Technology Corp., Ltd.",上海证券交易所,Shanghai Stock Exchange,sh600378
2025-07-09,000905,中证500,CSI 500,600380,健康元,Joincare Pharmaceutical Group Industry Co Ltd,上海证券交易所,Shanghai Stock Exchange,sh600380
2025-07-09,000905,中证500,CSI 500,600390,五矿资本,Minmetals Capital Company Limited,上海证券交易所,Shanghai Stock Exchange,sh600390
2025-07-09,000905,中证500,CSI 500,600392,盛和资源,"Shenghe Resources Holding Co.,Ltd.",上海证券交易所,Shanghai Stock Exchange,sh600392
2025-07-09,000905,中证500,CSI 500,600398,海澜之家,"Heilan Home Co.,Ltd",上海证券交易所,Shanghai Stock Exchange,sh600398
2025-07-09,000905,中证500,CSI 500,600435,北方导航,"North Navigation Control Technology Co., Ltd.",上海证券交易所,Shanghai Stock Exchange,sh600435
2025-07-09,000905,中证500,CSI 500,600483,福能股份,"FUJIAN FUNENG CO., LTD",上海证券交易所,Shanghai Stock Exchange,sh600483
2025-07-09,000905,中证500,CSI 500,600486,扬农化工,Jiangsu Yangnong Chemical Co Ltd,上海证券交易所,Shanghai Stock Exchange,sh600486
2025-07-09,000905,中证500,CSI 500,600487,亨通光电,"Hengtong Optic-Electric Co.,Ltd",上海证券交易所,Shanghai Stock Exchange,sh600487
2025-07-09,000905,中证500,CSI 500,600497,驰宏锌锗,Yunnan Chihong Zinc&Germanium Co Ltd,上海证券交易所,Shanghai Stock Exchange,sh600497
2025-07-09,000905,中证500,CSI 500,600498,烽火通信,Fiberhome Telecommunication Technologies Co Ltd,上海证券交易所,Shanghai Stock Exchange,sh600498
2025-07-09,000905,中证500,CSI 500,600499,科达制造,"Keda Industrial Group Co., Ltd.",上海证券交易所,Shanghai Stock Exchange,sh600499
2025-07-09,000905,中证500,CSI 500,600511,国药股份,China National Medicines Corp Ltd,上海证券交易所,Shanghai Stock Exchange,sh600511
2025-07-09,000905,中证500,CSI 500,600516,方大炭素,"Fangda Carbon New Material Co.,Ltd",上海证券交易所,Shanghai Stock Exchange,sh600516
2025-07-09,000905,中证500,CSI 500,600517,国网英大,"STATE GRID YINGDA CO.,LTD.",上海证券交易所,Shanghai Stock Exchange,sh600517
2025-07-09,000905,中证500,CSI 500,600521,华海药业,Zhejiang Huahai Pharmaceutical Co Ltd,上海证券交易所,Shanghai Stock Exchange,sh600521
2025-07-09,000905,中证500,CSI 500,600528,中铁工业,China Railway Hi-tech Industry Corporation Limited,上海证券交易所,Shanghai Stock Exchange,sh600528
2025-07-09,000905,中证500,CSI 500,600529,山东药玻,Shandong Pharmaceutical Glass Co Ltd,上海证券交易所,Shanghai Stock Exchange,sh600529
2025-07-09,000905,中证500,CSI 500,600535,天士力,"TASLY PHARMACEUTICAL GROUP CO.,LTD",上海证券交易所,Shanghai Stock Exchange,sh600535
2025-07-09,000905,中证500,CSI 500,600536,中国软件,China National Software & Service Co Ltd,上海证券交易所,Shanghai Stock Exchange,sh600536
2025-07-09,000905,中证500,CSI 500,600546,山煤国际,"Shanxi Coal International Energy Group Co., Ltd",上海证券交易所,Shanghai Stock Exchange,sh600546
2025-07-09,000905,中证500,CSI 500,600549,厦门钨业,Xiamen Tungsten Co Ltd,上海证券交易所,Shanghai Stock Exchange,sh600549
2025-07-09,000905,中证500,CSI 500,600562,国睿科技,"Glarun Technology Co.,Ltd.",上海证券交易所,Shanghai Stock Exchange,sh600562
2025-07-09,000905,中证500,CSI 500,600563,法拉电子,"Xiamen Faratronic Co.,Ltd.",上海证券交易所,Shanghai Stock Exchange,sh600563
2025-07-09,000905,中证500,CSI 500,600566,济川药业,"HUBEI JUMPCAN PHARMACEUTICAL CO., LTD.",上海证券交易所,Shanghai Stock Exchange,sh600566
2025-07-09,000905,中证500,CSI 500,600578,京能电力,"BEIJING JINGNENG POWER CO., LTD.",上海证券交易所,Shanghai Stock Exchange,sh600578
2025-07-09,000905,中证500,CSI 500,600580,卧龙电驱,"Wolong Electric Group Co.,Ltd",上海证券交易所,Shanghai Stock Exchange,sh600580
2025-07-09,000905,中证500,CSI 500,600582,天地科技,Tiandi Science & Technology Co Ltd,上海证券交易所,Shanghai Stock Exchange,sh600582
2025-07-09,000905,中证500,CSI 500,600583,海油工程,Offshore Oil Engineering Co Ltd,上海证券交易所,Shanghai Stock Exchange,sh600583
2025-07-09,000905,中证500,CSI 500,600598,北大荒,Heilongjiang Agriculture Co Ltd,上海证券交易所,Shanghai Stock Exchange,sh600598
2025-07-09,000905,中证500,CSI 500,600606,绿地控股,Greenland Holdings Corporation Limited,上海证券交易所,Shanghai Stock Exchange,sh600606
2025-07-09,000905,中证500,CSI 500,600612,老凤祥,"Lao Feng Xiang Co.,Ltd.",上海证券交易所,Shanghai Stock Exchange,sh600612
2025-07-09,000905,中证500,CSI 500,600637,东方明珠,"Shanghai Oriental Pearl Media Co., Ltd.",上海证券交易所,Shanghai Stock Exchange,sh600637
2025-07-09,000905,中证500,CSI 500,600655,豫园股份,"SHANGHAI YUYUAN TOURIST MART (GROUP) CO., LTD.",上海证券交易所,Shanghai Stock Exchange,sh600655
2025-07-09,000905,中证500,CSI 500,600663,陆家嘴,Shanghai Lujiazui Finance and Trade Zone Development Co Ltd,上海证券交易所,Shanghai Stock Exchange,sh600663
2025-07-09,000905,中证500,CSI 500,600673,东阳光,"GUANGDONG HEC TECHNOLOGY HOLDING CO., LTD",上海证券交易所,Shanghai Stock Exchange,sh600673
2025-07-09,000905,中证500,CSI 500,600685,中船防务,CSSC OFFSHORE & MARINE ENGINEERING (GROUP) COMPANY LIMITED,上海证券交易所,Shanghai Stock Exchange,sh600685
2025-07-09,000905,中证500,CSI 500,600688,上海石化,Sinopec Shanghai Petrochemical Co Ltd,上海证券交易所,Shanghai Stock Exchange,sh600688
2025-07-09,000905,中证500,CSI 500,600699,均胜电子,Ningbo Joyson Electronic Corp.,上海证券交易所,Shanghai Stock Exchange,sh600699
2025-07-09,000905,中证500,CSI 500,600704,物产中大,Zhejiang Material Industrial Zhongda Yuantong Group Co Ltd,上海证券交易所,Shanghai Stock Exchange,sh600704
2025-07-09,000905,中证500,CSI 500,600707,彩虹股份,Irico Display Devices Co Ltd,上海证券交易所,Shanghai Stock Exchange,sh600707
2025-07-09,000905,中证500,CSI 500,600720,中交设计,"CCCC Design & Consulting Group Co., Ltd.",上海证券交易所,Shanghai Stock Exchange,sh600720
2025-07-09,000905,中证500,CSI 500,600737,中粮糖业,"COFCO SUGAR HOLDING CO.,LTD.",上海证券交易所,Shanghai Stock Exchange,sh600737
2025-07-09,000905,中证500,CSI 500,600739,辽宁成大,Liaoning Cheng Da Co Ltd,上海证券交易所,Shanghai Stock Exchange,sh600739
2025-07-09,000905,中证500,CSI 500,600754,锦江酒店,"Shanghai Jin Jiang International Hotels Co.,Ltd.",上海证券交易所,Shanghai Stock Exchange,sh600754
2025-07-09,000905,中证500,CSI 500,600763,通策医疗,TOPCHOICE MEDICAL CORPORATION,上海证券交易所,Shanghai Stock Exchange,sh600763
2025-07-09,000905,中证500,CSI 500,600764,中国海防,China Shipbuilding Industry Group and Marine Defense Information Against Limited,上海证券交易所,Shanghai Stock Exchange,sh600764
2025-07-09,000905,中证500,CSI 500,600765,中航重机,Avic Heavy Machinery Co Ltd,上海证券交易所,Shanghai Stock Exchange,sh600765
2025-07-09,000905,中证500,CSI 500,600801,华新水泥,Huaxin Cement Co Ltd,上海证券交易所,Shanghai Stock Exchange,sh600801
2025-07-09,000905,中证500,CSI 500,600808,马钢股份,Maanshan Iron and Steel Co Ltd,上海证券交易所,Shanghai Stock Exchange,sh600808
2025-07-09,000905,中证500,CSI 500,600816,建元信托,"J-Yuan Trust Co.,Ltd.",上海证券交易所,Shanghai Stock Exchange,sh600816
2025-07-09,000905,中证500,CSI 500,600820,隧道股份,Shanghai Tunnel Engineering Co Ltd,上海证券交易所,Shanghai Stock Exchange,sh600820
2025-07-09,000905,中证500,CSI 500,600839,四川长虹,Sichuan Changhong Electric Co Ltd,上海证券交易所,Shanghai Stock Exchange,sh600839
2025-07-09,000905,中证500,CSI 500,600848,上海临港,Shanghai Lingang Holdings Corporation Limited,上海证券交易所,Shanghai Stock Exchange,sh600848
2025-07-09,000905,中证500,CSI 500,600859,王府井,"Wangfujing Group Co., Ltd.",上海证券交易所,Shanghai Stock Exchange,sh600859
2025-07-09,000905,中证500,CSI 500,600862,中航高科,"Avic Aviation High-Technology Co., Ltd.",上海证券交易所,Shanghai Stock Exchange,sh600862
2025-07-09,000905,中证500,CSI 500,600863,内蒙华电,Inner Mongolia Mengdian Huaneng Thermal Power Corp Ltd,上海证券交易所,Shanghai Stock Exchange,sh600863
2025-07-09,000905,中证500,CSI 500,600867,通化东宝,"Tonghua Dongbao Pharmaceutical Co.,Ltd.",上海证券交易所,Shanghai Stock Exchange,sh600867
2025-07-09,000905,中证500,CSI 500,600871,石化油服,Sinopec Oilfield Service Corporation,上海证券交易所,Shanghai Stock Exchange,sh600871
2025-07-09,000905,中证500,CSI 500,600872,中炬高新,"Jonjee Hi-Tech Industrial and Commercial Holding Co.,Ltd.",上海证券交易所,Shanghai Stock Exchange,sh600872
2025-07-09,000905,中证500,CSI 500,600873,梅花生物,"Meihua Holdings Group Co., Ltd",上海证券交易所,Shanghai Stock Exchange,sh600873
2025-07-09,000905,中证500,CSI 500,600879,航天电子,"China Aerospace Times Electronics Co.,Ltd.",上海证券交易所,Shanghai Stock Exchange,sh600879
2025-07-09,000905,中证500,CSI 500,600884,杉杉股份,Ningbo Shanshan Co Ltd,上海证券交易所,Shanghai Stock Exchange,sh600884
2025-07-09,000905,中证500,CSI 500,600885,宏发股份,"Hongfa Technology Co., Ltd.",上海证券交易所,Shanghai Stock Exchange,sh600885
2025-07-09,000905,中证500,CSI 500,600895,张江高科,Shanghai Zhangjiang Hi-tech Park Development Co Ltd,上海证券交易所,Shanghai Stock Exchange,sh600895
2025-07-09,000905,中证500,CSI 500,600901,江苏金租,"Jiangsu Financial Leasing Co.,Ltd.",上海证券交易所,Shanghai Stock Exchange,sh600901
2025-07-09,000905,中证500,CSI 500,600906,财达证券,"CAIDA SECURITIES CO., LTD.",上海证券交易所,Shanghai Stock Exchange,sh600906
2025-07-09,000905,中证500,CSI 500,600909,华安证券,"HUAAN SECURITIES CO., LTD.",上海证券交易所,Shanghai Stock Exchange,sh600909
2025-07-09,000905,中证500,CSI 500,600925,苏能股份,"Jiangsu Xukuang Energy Co., Ltd.",上海证券交易所,Shanghai Stock Exchange,sh600925
2025-07-09,000905,中证500,CSI 500,600927,永安期货,"Yongan Futures Co., Ltd.",上海证券交易所,Shanghai Stock Exchange,sh600927
2025-07-09,000905,中证500,CSI 500,600928,西安银行,"BANK OF XI'AN CO., LTD.",上海证券交易所,Shanghai Stock Exchange,sh600928
2025-07-09,000905,中证500,CSI 500,600956,新天绿能,China Suntien Green Energy Corporation Limited,上海证券交易所,Shanghai Stock Exchange,sh600956
2025-07-09,000905,中证500,CSI 500,600959,江苏有线,Jiangsu Broadcasting Cable Information Network Corporation Limited,上海证券交易所,Shanghai Stock Exchange,sh600959
2025-07-09,000905,中证500,CSI 500,600968,海油发展,CNOOC Energy Technology & Services Limited,上海证券交易所,Shanghai Stock Exchange,sh600968
2025-07-09,000905,中证500,CSI 500,600970,中材国际,Sinoma International Engineering Co Ltd,上海证券交易所,Shanghai Stock Exchange,sh600970
2025-07-09,000905,中证500,CSI 500,600977,中国电影,"CHINA FILM CO., LTD.",上海证券交易所,Shanghai Stock Exchange,sh600977
2025-07-09,000905,中证500,CSI 500,600985,淮北矿业,"Huaibei Mining Holdings Co.,Ltd.",上海证券交易所,Shanghai Stock Exchange,sh600985
2025-07-09,000905,中证500,CSI 500,600988,赤峰黄金,"Chifeng Jilong Gold Mining Co.,Ltd.",上海证券交易所,Shanghai Stock Exchange,sh600988
2025-07-09,000905,中证500,CSI 500,600995,南网储能,"China Southern Power Grid Energy Storage Co.,Ltd",上海证券交易所,Shanghai Stock Exchange,sh600995
2025-07-09,000905,中证500,CSI 500,600998,九州通,Jointown Pharmaceutical Group Co Ltd,上海证券交易所,Shanghai Stock Exchange,sh600998
2025-07-09,000905,中证500,CSI 500,601000,唐山港,Tangshan Port Group Co Ltd,上海证券交易所,Shanghai Stock Exchange,sh601000
2025-07-09,000905,中证500,CSI 500,601001,晋控煤业,"Jinneng Holding Shanxi Coal Industry Co.,Ltd",上海证券交易所,Shanghai Stock Exchange,sh601001
2025-07-09,000905,中证500,CSI 500,601016,节能风电,CECEP Wind-Power Corporation,上海证券交易所,Shanghai Stock Exchange,sh601016
2025-07-09,000905,中证500,CSI 500,601019,山东出版,"Shandong Publishing&Media Co.,Ltd",上海证券交易所,Shanghai Stock Exchange,sh601019
2025-07-09,000905,中证500,CSI 500,601061,中信金属,"CITIC Metal Co., Ltd",上海证券交易所,Shanghai Stock Exchange,sh601061
2025-07-09,000905,中证500,CSI 500,601098,中南传媒,China South Publishing & Media Group Co Ltd,上海证券交易所,Shanghai Stock Exchange,sh601098
2025-07-09,000905,中证500,CSI 500,601099,太平洋,The Pacific Securities Co.Ltd,上海证券交易所,Shanghai Stock Exchange,sh601099
2025-07-09,000905,中证500,CSI 500,601106,中国一重,China First Heavy Industries Co Ltd,上海证券交易所,Shanghai Stock Exchange,sh601106
2025-07-09,000905,中证500,CSI 500,601108,财通证券,"CAITONG SECURITIES CO.,LTD.",上海证券交易所,Shanghai Stock Exchange,sh601108
2025-07-09,000905,中证500,CSI 500,601118,海南橡胶,China Hainan Rubber Industry Group Co Ltd,上海证券交易所,Shanghai Stock Exchange,sh601118
2025-07-09,000905,中证500,CSI 500,601128,常熟银行,"Jiangsu Changshu Rural Commercial Bank Co., Ltd.",上海证券交易所,Shanghai Stock Exchange,sh601128
2025-07-09,000905,中证500,CSI 500,601139,深圳燃气,Shenzhen Gas Co Ltd,上海证券交易所,Shanghai Stock Exchange,sh601139
2025-07-09,000905,中证500,CSI 500,601155,新城控股,"Future Land Holdings Co., Ltd.",上海证券交易所,Shanghai Stock Exchange,sh601155
2025-07-09,000905,中证500,CSI 500,601156,东航物流,"Eastern Air Logistics Co., Ltd.",上海证券交易所,Shanghai Stock Exchange,sh601156
2025-07-09,000905,中证500,CSI 500,601158,重庆水务,Chongqing Water Group Co Ltd,上海证券交易所,Shanghai Stock Exchange,sh601158
2025-07-09,000905,中证500,CSI 500,601162,天风证券,"TIANFENG SECURITIES CO., LTD.",上海证券交易所,Shanghai Stock Exchange,sh601162
2025-07-09,000905,中证500,CSI 500,601168,西部矿业,Western Mining Co Ltd,上海证券交易所,Shanghai Stock Exchange,sh601168
2025-07-09,000905,中证500,CSI 500,601179,中国西电,China XD Electric Co Ltd,上海证券交易所,Shanghai Stock Exchange,sh601179
2025-07-09,000905,中证500,CSI 500,601198,东兴证券,"DONGXING SECURITIES CO., LTD.",上海证券交易所,Shanghai Stock Exchange,sh601198
2025-07-09,000905,中证500,CSI 500,601212,白银有色,"Baiyin Nonferrous Group Co., Ltd.",上海证券交易所,Shanghai Stock Exchange,sh601212
2025-07-09,000905,中证500,CSI 500,601216,君正集团,"Inner Mongolia Junzheng Energy & Chemical Group Co.,Ltd.",上海证券交易所,Shanghai Stock Exchange,sh601216
2025-07-09,000905,中证500,CSI 500,601228,广州港,GUANGZHOU PORT COMPANY LIMITED,上海证券交易所,Shanghai Stock Exchange,sh601228
2025-07-09,000905,中证500,CSI 500,601231,环旭电子,"Universal Scientific Industrial (Shanghai) Co.,Ltd.",上海证券交易所,Shanghai Stock Exchange,sh601231
2025-07-09,000905,中证500,CSI 500,601233,桐昆股份,Tongkun Group Co Ltd,上海证券交易所,Shanghai Stock Exchange,sh601233
2025-07-09,000905,中证500,CSI 500,601333,广深铁路,Guangshen Railway Company Limited,上海证券交易所,Shanghai Stock Exchange,sh601333
2025-07-09,000905,中证500,CSI 500,601399,国机重装,"Sinomach Heavy Equipment Group Co.,Ltd",上海证券交易所,Shanghai Stock Exchange,sh601399
2025-07-09,000905,中证500,CSI 500,601456,国联民生,Guolian Minsheng Securities Company Limited,上海证券交易所,Shanghai Stock Exchange,sh601456
2025-07-09,000905,中证500,CSI 500,601555,东吴证券,Soochow Securities Co Ltd,上海证券交易所,Shanghai Stock Exchange,sh601555
2025-07-09,000905,中证500,CSI 500,601568,北元集团,"Shaanxi Beiyuan Chemical Industry Group Co., Ltd.",上海证券交易所,Shanghai Stock Exchange,sh601568
2025-07-09,000905,中证500,CSI 500,601577,长沙银行,"BANK OF CHANGSHA CO., LTD.",上海证券交易所,Shanghai Stock Exchange,sh601577
2025-07-09,000905,中证500,CSI 500,601598,中国外运,Sinotrans Limited,上海证券交易所,Shanghai Stock Exchange,sh601598
2025-07-09,000905,中证500,CSI 500,601608,中信重工,"CITIC HEAVY INDUSTRIES CO., LTD.",上海证券交易所,Shanghai Stock Exchange,sh601608
2025-07-09,000905,中证500,CSI 500,601611,中国核建,China Nuclear Engineering Corporation Limited,上海证券交易所,Shanghai Stock Exchange,sh601611
2025-07-09,000905,中证500,CSI 500,601615,明阳智能,MingYangSmartEnergyGroupLimited,上海证券交易所,Shanghai Stock Exchange,sh601615
2025-07-09,000905,中证500,CSI 500,601636,旗滨集团,Zhuzhou Kibing Group Co Ltd,上海证券交易所,Shanghai Stock Exchange,sh601636
2025-07-09,000905,中证500,CSI 500,601665,齐鲁银行,"QILU BANK CO., LTD.",上海证券交易所,Shanghai Stock Exchange,sh601665
2025-07-09,000905,中证500,CSI 500,601666,平煤股份,Pingdingshan Tianan Coal Mining Co Ltd,上海证券交易所,Shanghai Stock Exchange,sh601666
2025-07-09,000905,中证500,CSI 500,601696,中银证券,"BOC International (China) Co., Ltd.",上海证券交易所,Shanghai Stock Exchange,sh601696
2025-07-09,000905,中证500,CSI 500,601717,郑煤机,ZMJ Group Company Limited,上海证券交易所,Shanghai Stock Exchange,sh601717
2025-07-09,000905,中证500,CSI 500,601858,中国科传,China Science Publishing & Media Ltd.,上海证券交易所,Shanghai Stock Exchange,sh601858
2025-07-09,000905,中证500,CSI 500,601866,中远海发,"COSCO SHIPPING Development Co.,Ltd.",上海证券交易所,Shanghai Stock Exchange,sh601866
2025-07-09,000905,中证500,CSI 500,601880,辽港股份,"Liaoning Port Co., Ltd.",上海证券交易所,Shanghai Stock Exchange,sh601880
2025-07-09,000905,中证500,CSI 500,601918,新集能源,SDIC Xinji Energy Co Ltd,上海证券交易所,Shanghai Stock Exchange,sh601918
2025-07-09,000905,中证500,CSI 500,601921,浙版传媒,"Zhejiang Publishing & Media Co., Ltd.",上海证券交易所,Shanghai Stock Exchange,sh601921
2025-07-09,000905,中证500,CSI 500,601928,凤凰传媒,Jiangsu Phoenix Publishing & Media Co Ltd,上海证券交易所,Shanghai Stock Exchange,sh601928
2025-07-09,000905,中证500,CSI 500,601933,永辉超市,Yonghui Superstores Co Ltd,上海证券交易所,Shanghai Stock Exchange,sh601933
2025-07-09,000905,中证500,CSI 500,601958,金钼股份,Jinduicheng Molybdenum Co Ltd,上海证券交易所,Shanghai Stock Exchange,sh601958
2025-07-09,000905,中证500,CSI 500,601965,中国汽研,"China Automotive Engineering Research Institute Co., Ltd.",上海证券交易所,Shanghai Stock Exchange,sh601965
2025-07-09,000905,中证500,CSI 500,601966,玲珑轮胎,"Shandong Linglong Tyre Co., Ltd.",上海证券交易所,Shanghai Stock Exchange,sh601966
2025-07-09,000905,中证500,CSI 500,601990,南京证券,"Nanjing Securities Co., Ltd.",上海证券交易所,Shanghai Stock Exchange,sh601990
2025-07-09,000905,中证500,CSI 500,601991,大唐发电,"Datang International Power Generation Co.,Ltd.",上海证券交易所,Shanghai Stock Exchange,sh601991
2025-07-09,000905,中证500,CSI 500,601997,贵阳银行,"Bank of Guiyang Co.,Ltd.",上海证券交易所,Shanghai Stock Exchange,sh601997
2025-07-09,000905,中证500,CSI 500,603000,人民网,"People.cn CO.,LTD",上海证券交易所,Shanghai Stock Exchange,sh603000
2025-07-09,000905,中证500,CSI 500,603077,和邦生物,"Sichuan Hebang Biotechnology Co.,Ltd.",上海证券交易所,Shanghai Stock Exchange,sh603077
2025-07-09,000905,中证500,CSI 500,603087,甘李药业,Gan & Lee Pharmaceuticals,上海证券交易所,Shanghai Stock Exchange,sh603087
2025-07-09,000905,中证500,CSI 500,603129,春风动力,"ZHEJIANGCFMOTOPOWERCO.,LTD.",上海证券交易所,Shanghai Stock Exchange,sh603129
2025-07-09,000905,中证500,CSI 500,603156,养元饮品,"Hebei Yangyuan ZhiHui Beverage Co., Ltd.",上海证券交易所,Shanghai Stock Exchange,sh603156
2025-07-09,000905,中证500,CSI 500,603160,汇顶科技,"Shenzhen Huiding Technology Co., Ltd.",上海证券交易所,Shanghai Stock Exchange,sh603160
2025-07-09,000905,中证500,CSI 500,603179,新泉股份,"Jiangsu Xinquan Automotive Trim Co.,Ltd",上海证券交易所,Shanghai Stock Exchange,sh603179
2025-07-09,000905,中证500,CSI 500,603225,新凤鸣,"Xinfengming Group Co.,Ltd.",上海证券交易所,Shanghai Stock Exchange,sh603225
2025-07-09,000905,中证500,CSI 500,603228,景旺电子,"Shenzhen Kinwong Electronic Co.,Ltd.",上海证券交易所,Shanghai Stock Exchange,sh603228
2025-07-09,000905,中证500,CSI 500,603233,大参林,"DaShenLin Pharmaceutical Group Co., Ltd.",上海证券交易所,Shanghai Stock Exchange,sh603233
2025-07-09,000905,中证500,CSI 500,603290,斯达半导,StarPower Semiconductor Ltd.,上海证券交易所,Shanghai Stock Exchange,sh603290
2025-07-09,000905,中证500,CSI 500,603298,杭叉集团,"Hangcha Group Co.,Ltd.",上海证券交易所,Shanghai Stock Exchange,sh603298
2025-07-09,000905,中证500,CSI 500,603338,浙江鼎力,"Zhejiang Dingli Machinery Co.,Ltd.",上海证券交易所,Shanghai Stock Exchange,sh603338
2025-07-09,000905,中证500,CSI 500,603341,龙旗科技,"Shanghai Longcheer Technology Co.,Ltd",上海证券交易所,Shanghai Stock Exchange,sh603341
2025-07-09,000905,中证500,CSI 500,603345,安井食品,"FU JIAN ANJOY FOODS CO., LTD.",上海证券交易所,Shanghai Stock Exchange,sh603345
2025-07-09,000905,中证500,CSI 500,603379,三美股份,"Zhejiang Sanmei Chemical Industry Co., Ltd.",上海证券交易所,Shanghai Stock Exchange,sh603379
2025-07-09,000905,中证500,CSI 500,603486,科沃斯,"Ecovacs Robotics Co., Ltd.",上海证券交易所,Shanghai Stock Exchange,sh603486
2025-07-09,000905,中证500,CSI 500,603529,爱玛科技,"AIMA TECHNOLOGY GROUP CO.,LTD.",上海证券交易所,Shanghai Stock Exchange,sh603529
2025-07-09,000905,中证500,CSI 500,603556,海兴电力,"Hexing Electrical Co., Ltd",上海证券交易所,Shanghai Stock Exchange,sh603556
2025-07-09,000905,中证500,CSI 500,603565,中谷物流,"Shanghai Zhonggu Logistics Co., Ltd.",上海证券交易所,Shanghai Stock Exchange,sh603565
2025-07-09,000905,中证500,CSI 500,603568,伟明环保,"ZHEJIANG WEIMING ENVIRONMENT PROTECTION CO., LTD.",上海证券交易所,Shanghai Stock Exchange,sh603568
2025-07-09,000905,中证500,CSI 500,603589,口子窖,"Anhui Kouzi Distillery Co., Ltd.",上海证券交易所,Shanghai Stock Exchange,sh603589
2025-07-09,000905,中证500,CSI 500,603596,伯特利,"Bethel Automotive Safety Systems Co., Ltd",上海证券交易所,Shanghai Stock Exchange,sh603596
2025-07-09,000905,中证500,CSI 500,603605,珀莱雅,"Proya Cosmetics Co., Ltd.",上海证券交易所,Shanghai Stock Exchange,sh603605
2025-07-09,000905,中证500,CSI 500,603606,东方电缆,"Ningbo Orient Wires & Cables Co., Ltd.",上海证券交易所,Shanghai Stock Exchange,sh603606
2025-07-09,000905,中证500,CSI 500,603650,彤程新材,"Red Avenue New Materials Group Co., Ltd.",上海证券交易所,Shanghai Stock Exchange,sh603650
2025-07-09,000905,中证500,CSI 500,603658,安图生物,"Autobio Diagnostics Co., Ltd.",上海证券交易所,Shanghai Stock Exchange,sh603658
2025-07-09,000905,中证500,CSI 500,603659,璞泰来,"Shanghai Putailai New Energy Technology Co., Ltd.",上海证券交易所,Shanghai Stock Exchange,sh603659
2025-07-09,000905,中证500,CSI 500,603688,石英股份,"JIANGSU PACIFIC QUARTZ CO., LTD",上海证券交易所,Shanghai Stock Exchange,sh603688
2025-07-09,000905,中证500,CSI 500,603707,健友股份,"Nanjing King-Friend Biochemical Pharmaceutical Co., Ltd",上海证券交易所,Shanghai Stock Exchange,sh603707
2025-07-09,000905,中证500,CSI 500,603728,鸣志电器,"Shanghai Moons' Electric Co., Ltd.",上海证券交易所,Shanghai Stock Exchange,sh603728
2025-07-09,000905,中证500,CSI 500,603737,三棵树,"SKSHU Paint Co., Ltd.",上海证券交易所,Shanghai Stock Exchange,sh603737
2025-07-09,000905,中证500,CSI 500,603786,科博达,"KEBODA TECHNOLOGY Co., Ltd.",上海证券交易所,Shanghai Stock Exchange,sh603786
2025-07-09,000905,中证500,CSI 500,603816,顾家家居,"Jason Furniture (Hangzhou) Co.,Ltd.",上海证券交易所,Shanghai Stock Exchange,sh603816
2025-07-09,000905,中证500,CSI 500,603826,坤彩科技,"Fujian Kuncai Material Technology Co.,Ltd.",上海证券交易所,Shanghai Stock Exchange,sh603826
2025-07-09,000905,中证500,CSI 500,603858,步长制药,"SHANDONG BUCHANG PHARMACEUTICALS CO., LTD.",上海证券交易所,Shanghai Stock Exchange,sh603858
2025-07-09,000905,中证500,CSI 500,603868,飞科电器,"Shanghai Flyco Electrical Appliance Co., Ltd.",上海证券交易所,Shanghai Stock Exchange,sh603868
2025-07-09,000905,中证500,CSI 500,603885,吉祥航空,"JUNEYAO AIRLINES Co., Ltd",上海证券交易所,Shanghai Stock Exchange,sh603885
2025-07-09,000905,中证500,CSI 500,603893,瑞芯微,"Fuzhou Rockchip Electronics Co., Ltd.",上海证券交易所,Shanghai Stock Exchange,sh603893
2025-07-09,000905,中证500,CSI 500,603899,晨光股份,SHANGHAI M&G STATIONERY INC.,上海证券交易所,Shanghai Stock Exchange,sh603899
2025-07-09,000905,中证500,CSI 500,603927,中科软,"Sinosoft Co.,Ltd",上海证券交易所,Shanghai Stock Exchange,sh603927
2025-07-09,000905,中证500,CSI 500,603939,益丰药房,"Yifeng Pharmacy Chain Co., Ltd.",上海证券交易所,Shanghai Stock Exchange,sh603939
2025-07-09,000905,中证500,CSI 500,603979,金诚信,"JCHX MINING MANAGEMENT CO.,LTD.",上海证券交易所,Shanghai Stock Exchange,sh603979
2025-07-09,000905,中证500,CSI 500,605358,立昂微,"Hangzhou Lion Electronics Co.,Ltd",上海证券交易所,Shanghai Stock Exchange,sh605358
2025-07-09,000905,中证500,CSI 500,605589,圣泉集团,"Jinan Shengquan Group Share Holding Co.,Ltd.",上海证券交易所,Shanghai Stock Exchange,sh605589
2025-07-09,000905,中证500,CSI 500,688002,睿创微纳,"Raytron Technology Co.,Ltd",上海证券交易所,Shanghai Stock Exchange,sh688002
2025-07-09,000905,中证500,CSI 500,688017,绿的谐波,"Leader Harmonious Drive Systems Co., Ltd.",上海证券交易所,Shanghai Stock Exchange,sh688017
2025-07-09,000905,中证500,CSI 500,688027,国盾量子,"QuantumCTek Co., Ltd.",上海证券交易所,Shanghai Stock Exchange,sh688027
2025-07-09,000905,中证500,CSI 500,688032,禾迈股份,Hoymiles Power Electronics Inc.,上海证券交易所,Shanghai Stock Exchange,sh688032
2025-07-09,000905,中证500,CSI 500,688052,纳芯微,"Suzhou Novosense Microelectronics Co., Ltd.",上海证券交易所,Shanghai Stock Exchange,sh688052
2025-07-09,000905,中证500,CSI 500,688065,凯赛生物,Cathay Biotech Inc.,上海证券交易所,Shanghai Stock Exchange,sh688065
2025-07-09,000905,中证500,CSI 500,688072,拓荆科技,Piotech Inc.,上海证券交易所,Shanghai Stock Exchange,sh688072
2025-07-09,000905,中证500,CSI 500,688099,晶晨股份,"Amlogic (Shanghai) Co., Ltd.",上海证券交易所,Shanghai Stock Exchange,sh688099
2025-07-09,000905,中证500,CSI 500,688100,威胜信息,"Willfar Information Technology Co., Ltd.",上海证券交易所,Shanghai Stock Exchange,sh688100
2025-07-09,000905,中证500,CSI 500,688114,华大智造,"MGI Tech Co., Ltd.",上海证券交易所,Shanghai Stock Exchange,sh688114
2025-07-09,000905,中证500,CSI 500,688120,华海清科,"Hwatsing Technology Co.,Ltd.",上海证券交易所,Shanghai Stock Exchange,sh688120
2025-07-09,000905,中证500,CSI 500,688122,西部超导,"Western Superconducting Technologies Co.,Ltd.",上海证券交易所,Shanghai Stock Exchange,sh688122
2025-07-09,000905,中证500,CSI 500,688153,唯捷创芯,"Vanchip (Tianjin) Technology Co., Ltd.",上海证券交易所,Shanghai Stock Exchange,sh688153
2025-07-09,000905,中证500,CSI 500,688172,燕东微,"Beijing YanDong MicroElectronic Co., Ltd.",上海证券交易所,Shanghai Stock Exchange,sh688172
2025-07-09,000905,中证500,CSI 500,688180,君实生物,"Shanghai Junshi Biosciences Co., Ltd.",上海证券交易所,Shanghai Stock Exchange,sh688180
2025-07-09,000905,中证500,CSI 500,688183,生益电子,"SHENGYI ELECTRONICS CO., LTD.",上海证券交易所,Shanghai Stock Exchange,sh688183
2025-07-09,000905,中证500,CSI 500,688188,柏楚电子,SHANGHAI FRIENDESS ELECTRONICS TECHNOLOGY CORPORATION LIMITED,上海证券交易所,Shanghai Stock Exchange,sh688188
2025-07-09,000905,中证500,CSI 500,688213,思特威,"Smartsens Technology (Shanghai) Co., Ltd.",上海证券交易所,Shanghai Stock Exchange,sh688213
2025-07-09,000905,中证500,CSI 500,688220,翱捷科技,"ASR Microelectronics Co., Ltd.",上海证券交易所,Shanghai Stock Exchange,sh688220
2025-07-09,000905,中证500,CSI 500,688234,天岳先进,"SICC CO., LTD.",上海证券交易所,Shanghai Stock Exchange,sh688234
2025-07-09,000905,中证500,CSI 500,688235,百济神州,"BeiGene, Ltd.",上海证券交易所,Shanghai Stock Exchange,sh688235
2025-07-09,000905,中证500,CSI 500,688248,南网科技,"ChinaSouthernPowerGridTechnologyCo.,Ltd.",上海证券交易所,Shanghai Stock Exchange,sh688248
2025-07-09,000905,中证500,CSI 500,688249,晶合集成,Nexchip Semiconductor Corporation,上海证券交易所,Shanghai Stock Exchange,sh688249
2025-07-09,000905,中证500,CSI 500,688278,特宝生物,"Xiamen Amoytop Biotech Co., LTD.",上海证券交易所,Shanghai Stock Exchange,sh688278
2025-07-09,000905,中证500,CSI 500,688281,华秦科技,"Shaanxi Huaqin Technology Industry Co., Ltd.",上海证券交易所,Shanghai Stock Exchange,sh688281
2025-07-09,000905,中证500,CSI 500,688295,中复神鹰,"Zhongfu Shenying Carbon Fiber Co.,Ltd.",上海证券交易所,Shanghai Stock Exchange,sh688295
2025-07-09,000905,中证500,CSI 500,688297,中无人机,"AVIC (CHENGDU) UAS CO., LTD.",上海证券交易所,Shanghai Stock Exchange,sh688297
2025-07-09,000905,中证500,CSI 500,688301,奕瑞科技,iRay Group,上海证券交易所,Shanghai Stock Exchange,sh688301
2025-07-09,000905,中证500,CSI 500,688318,财富趋势,"Shenzhen Fortune Trend Technology Co., Ltd",上海证券交易所,Shanghai Stock Exchange,sh688318
2025-07-09,000905,中证500,CSI 500,688349,三一重能,"Sany Heavy Energy Co., Ltd.",上海证券交易所,Shanghai Stock Exchange,sh688349
2025-07-09,000905,中证500,CSI 500,688361,中科飞测,"Skyverse Technology Co., Ltd.",上海证券交易所,Shanghai Stock Exchange,sh688361
2025-07-09,000905,中证500,CSI 500,688363,华熙生物,Bloomage Biotechnology Corporation Limited,上海证券交易所,Shanghai Stock Exchange,sh688363
2025-07-09,000905,中证500,CSI 500,688375,国博电子,"Guobo Electronics Co., Ltd.",上海证券交易所,Shanghai Stock Exchange,sh688375
2025-07-09,000905,中证500,CSI 500,688385,复旦微电,"Shanghai Fudan Microelectronics Group CO.,LTD.",上海证券交易所,Shanghai Stock Exchange,sh688385
2025-07-09,000905,中证500,CSI 500,688387,信科移动,"CICT Mobile Communication Technology Co., Ltd.",上海证券交易所,Shanghai Stock Exchange,sh688387
2025-07-09,000905,中证500,CSI 500,688425,铁建重工,China Railway Construction Heavy Industry Corporation Limited,上海证券交易所,Shanghai Stock Exchange,sh688425
2025-07-09,000905,中证500,CSI 500,688469,芯联集成,"United Nova Technology Co., Ltd.",上海证券交易所,Shanghai Stock Exchange,sh688469
2025-07-09,000905,中证500,CSI 500,688475,萤石网络,"Hangzhou EZVIZ Network Co.,Ltd.",上海证券交易所,Shanghai Stock Exchange,sh688475
2025-07-09,000905,中证500,CSI 500,688520,神州细胞,Sinocelltech Group Limited,上海证券交易所,Shanghai Stock Exchange,sh688520
2025-07-09,000905,中证500,CSI 500,688521,芯原股份,"VeriSilicon Microelectronics (Shanghai) Co., Ltd.",上海证券交易所,Shanghai Stock Exchange,sh688521
2025-07-09,000905,中证500,CSI 500,688525,佰维存储,"Biwin Storage Technology Co., Ltd.",上海证券交易所,Shanghai Stock Exchange,sh688525
2025-07-09,000905,中证500,CSI 500,688538,和辉光电,"Everdisplay Optronics (Shanghai) Co., Ltd.",上海证券交易所,Shanghai Stock Exchange,sh688538
2025-07-09,000905,中证500,CSI 500,688561,奇安信,Qi An Xin Technology Group Inc.,上海证券交易所,Shanghai Stock Exchange,sh688561
2025-07-09,000905,中证500,CSI 500,688563,航材股份,"Baimtec Material Co.,Ltd.",上海证券交易所,Shanghai Stock Exchange,sh688563
2025-07-09,000905,中证500,CSI 500,688568,中科星图,"Geovis Technology Co.,Ltd",上海证券交易所,Shanghai Stock Exchange,sh688568
2025-07-09,000905,中证500,CSI 500,688578,艾力斯,"Shanghai Allist Pharmaceuticals Co., Ltd.",上海证券交易所,Shanghai Stock Exchange,sh688578
2025-07-09,000905,中证500,CSI 500,688582,芯动联科,Anhui XDLK Microsystem Corporation Limited,上海证券交易所,Shanghai Stock Exchange,sh688582
2025-07-09,000905,中证500,CSI 500,688608,恒玄科技,"Bestechnic (Shanghai) Co., Ltd.",上海证券交易所,Shanghai Stock Exchange,sh688608
2025-07-09,000905,中证500,CSI 500,688617,惠泰医疗,APT Medical Inc.,上海证券交易所,Shanghai Stock Exchange,sh688617
2025-07-09,000905,中证500,CSI 500,688676,金盘科技,"HAINAN JINPAN SMART TECHNOLOGY CO., LTD.",上海证券交易所,Shanghai Stock Exchange,sh688676
2025-07-09,000905,中证500,CSI 500,688702,盛科通信,"Suzhou Centec Communications Co., Ltd.",上海证券交易所,Shanghai Stock Exchange,sh688702
2025-07-09,000905,中证500,CSI 500,688728,格科微,GalaxyCore Inc.,上海证券交易所,Shanghai Stock Exchange,sh688728
2025-07-09,000905,中证500,CSI 500,688772,珠海冠宇,"Zhuhai CosMX Battery Co., Ltd.",上海证券交易所,Shanghai Stock Exchange,sh688772
2025-07-09,000905,中证500,CSI 500,688777,中控技术,"SUPCON Technology Co., Ltd.",上海证券交易所,Shanghai Stock Exchange,sh688777
2025-07-09,000905,中证500,CSI 500,688778,厦钨新能,"XTC New Energy Materials (Xiamen) Co.,Ltd.",上海证券交易所,Shanghai Stock Exchange,sh688778
2025-07-09,000905,中证500,CSI 500,688819,天能股份,"Tianneng Battery Group Co.,Ltd.",上海证券交易所,Shanghai Stock Exchange,sh688819
2025-07-09,000905,中证500,CSI 500,689009,九号公司,Ninebot Limited,上海证券交易所,Shanghai Stock Exchange,sh689009
